File,BGbase,Color_change,CorrAns,trials.thisRepN,trials.thisTrialN,trials.thisN,trials.thisIndex,key_resp.keys,key_resp.corr,key_resp.rt,participant,session,date,expName,psychopyVersion,frameRate,
images/pbg_ru_2.png,images/pbg_ru_0.png,152.0,up,0,0,0,2,a,0,2.6990365000092424,,001,2020_Dec_09_0329,hue_diff,2020.2.10,60.052053119263846,
images/pbg_ru_5.png,images/pbg_ru_0.png,155.0,down,0,1,1,5,right,0,1.3844305999955395,,001,2020_Dec_09_0329,hue_diff,2020.2.10,60.052053119263846,
images/pbg_ru_4.png,images/pbg_ru_0.png,154.0,right,0,2,2,4,right,1,2.8626020999945467,,001,2020_Dec_09_0329,hue_diff,2020.2.10,60.052053119263846,
images/pbg_ru_6.png,images/pbg_ru_0.png,156.0,left,0,3,3,6,a,0,1.4111043000011705,,001,2020_Dec_09_0329,hue_diff,2020.2.10,60.052053119263846,
images/pbg_ru_3.png,images/pbg_ru_0.png,153.0,up,0,4,4,3,a,0,1.4533139999984996,,001,2020_Dec_09_0329,hue_diff,2020.2.10,60.052053119263846,
images/pbg_ru_7.png,images/pbg_ru_0.png,157.0,right,0,5,5,7,a,0,1.4438116000092123,,001,2020_Dec_09_0329,hue_diff,2020.2.10,60.052053119263846,
images/pbg_ru_8.png,images/pbg_ru_0.png,158.0,right,0,6,6,8,right,1,1.1132822999934433,,001,2020_Dec_09_0329,hue_diff,2020.2.10,60.052053119263846,
images/pbg_ru_0.png,images/pbg_ru_0.png,150.0,left,0,7,7,0,a,0,1.2496124000026612,,001,2020_Dec_09_0329,hue_diff,2020.2.10,60.052053119263846,
images/pbg_ru_9.png,images/pbg_ru_0.png,159.0,down,0,8,8,9,down,1,1.3886103999975603,,001,2020_Dec_09_0329,hue_diff,2020.2.10,60.052053119263846,
images/pbg_ru_1.png,images/pbg_ru_0.png,151.0,right,0,9,9,1,a,0,1.304489400004968,,001,2020_Dec_09_0329,hue_diff,2020.2.10,60.052053119263846,
images/pbg_ru_4.png,images/pbg_ru_0.png,154.0,right,1,0,10,4,right,1,1.470234899999923,,001,2020_Dec_09_0329,hue_diff,2020.2.10,60.052053119263846,
images/pbg_ru_8.png,images/pbg_ru_0.png,158.0,right,1,1,11,8,right,1,1.4785577000002377,,001,2020_Dec_09_0329,hue_diff,2020.2.10,60.052053119263846,
images/pbg_ru_9.png,images/pbg_ru_0.png,159.0,down,1,2,12,9,down,1,1.4311549999983981,,001,2020_Dec_09_0329,hue_diff,2020.2.10,60.052053119263846,
images/pbg_ru_2.png,images/pbg_ru_0.png,152.0,up,1,3,13,2,a,0,1.4079734999977518,,001,2020_Dec_09_0329,hue_diff,2020.2.10,60.052053119263846,
images/pbg_ru_6.png,images/pbg_ru_0.png,156.0,left,1,4,14,6,a,0,1.4577353000058793,,001,2020_Dec_09_0329,hue_diff,2020.2.10,60.052053119263846,
images/pbg_ru_0.png,images/pbg_ru_0.png,150.0,left,1,5,15,0,a,0,1.798373099998571,,001,2020_Dec_09_0329,hue_diff,2020.2.10,60.052053119263846,
images/pbg_ru_7.png,images/pbg_ru_0.png,157.0,right,1,6,16,7,a,0,1.483996399998432,,001,2020_Dec_09_0329,hue_diff,2020.2.10,60.052053119263846,
images/pbg_ru_5.png,images/pbg_ru_0.png,155.0,down,1,7,17,5,down,1,1.4383505000005243,,001,2020_Dec_09_0329,hue_diff,2020.2.10,60.052053119263846,
images/pbg_ru_1.png,images/pbg_ru_0.png,151.0,right,1,8,18,1,a,0,1.5348926000006031,,001,2020_Dec_09_0329,hue_diff,2020.2.10,60.052053119263846,
images/pbg_ru_3.png,images/pbg_ru_0.png,153.0,up,1,9,19,3,right,0,1.4947099999990314,,001,2020_Dec_09_0329,hue_diff,2020.2.10,60.052053119263846,
images/pbg_ru_7.png,images/pbg_ru_0.png,157.0,right,2,0,20,7,right,1,1.449567700008629,,001,2020_Dec_09_0329,hue_diff,2020.2.10,60.052053119263846,
images/pbg_ru_6.png,images/pbg_ru_0.png,156.0,left,2,1,21,6,left,1,1.4495726999884937,,001,2020_Dec_09_0329,hue_diff,2020.2.10,60.052053119263846,
images/pbg_ru_8.png,images/pbg_ru_0.png,158.0,right,2,2,22,8,right,1,1.4430825000017649,,001,2020_Dec_09_0329,hue_diff,2020.2.10,60.052053119263846,
images/pbg_ru_2.png,images/pbg_ru_0.png,152.0,up,2,3,23,2,a,0,1.5398145999934059,,001,2020_Dec_09_0329,hue_diff,2020.2.10,60.052053119263846,
images/pbg_ru_3.png,images/pbg_ru_0.png,153.0,up,2,4,24,3,a,0,1.502090699999826,,001,2020_Dec_09_0329,hue_diff,2020.2.10,60.052053119263846,
images/pbg_ru_0.png,images/pbg_ru_0.png,150.0,left,2,5,25,0,a,0,1.5336267000093358,,001,2020_Dec_09_0329,hue_diff,2020.2.10,60.052053119263846,
images/pbg_ru_4.png,images/pbg_ru_0.png,154.0,right,2,6,26,4,a,0,1.4513480000023264,,001,2020_Dec_09_0329,hue_diff,2020.2.10,60.052053119263846,
images/pbg_ru_9.png,images/pbg_ru_0.png,159.0,down,2,7,27,9,down,1,1.343580299988389,,001,2020_Dec_09_0329,hue_diff,2020.2.10,60.052053119263846,
images/pbg_ru_5.png,images/pbg_ru_0.png,155.0,down,2,8,28,5,down,1,1.5348164000024553,,001,2020_Dec_09_0329,hue_diff,2020.2.10,60.052053119263846,
images/pbg_ru_1.png,images/pbg_ru_0.png,151.0,right,2,9,29,1,a,0,1.645413100006408,,001,2020_Dec_09_0329,hue_diff,2020.2.10,60.052053119263846,
images/pbg_ru_8.png,images/pbg_ru_0.png,158.0,right,3,0,30,8,right,1,1.4014749999914784,,001,2020_Dec_09_0329,hue_diff,2020.2.10,60.052053119263846,
images/pbg_ru_0.png,images/pbg_ru_0.png,150.0,left,3,1,31,0,a,0,1.9243533999979263,,001,2020_Dec_09_0329,hue_diff,2020.2.10,60.052053119263846,
images/pbg_ru_5.png,images/pbg_ru_0.png,155.0,down,3,2,32,5,left,0,1.6608932000090135,,001,2020_Dec_09_0329,hue_diff,2020.2.10,60.052053119263846,
images/pbg_ru_1.png,images/pbg_ru_0.png,151.0,right,3,3,33,1,a,0,1.5634215000027325,,001,2020_Dec_09_0329,hue_diff,2020.2.10,60.052053119263846,
images/pbg_ru_3.png,images/pbg_ru_0.png,153.0,up,3,4,34,3,a,0,1.654182900005253,,001,2020_Dec_09_0329,hue_diff,2020.2.10,60.052053119263846,
images/pbg_ru_6.png,images/pbg_ru_0.png,156.0,left,3,5,35,6,a,0,1.4940618999971775,,001,2020_Dec_09_0329,hue_diff,2020.2.10,60.052053119263846,
images/pbg_ru_4.png,images/pbg_ru_0.png,154.0,right,3,6,36,4,a,0,1.530900699988706,,001,2020_Dec_09_0329,hue_diff,2020.2.10,60.052053119263846,
images/pbg_ru_9.png,images/pbg_ru_0.png,159.0,down,3,7,37,9,down,1,1.429646499993396,,001,2020_Dec_09_0329,hue_diff,2020.2.10,60.052053119263846,
images/pbg_ru_7.png,images/pbg_ru_0.png,157.0,right,3,8,38,7,a,0,1.4760474000067916,,001,2020_Dec_09_0329,hue_diff,2020.2.10,60.052053119263846,
images/pbg_ru_2.png,images/pbg_ru_0.png,152.0,up,3,9,39,2,a,0,1.426055499992799,,001,2020_Dec_09_0329,hue_diff,2020.2.10,60.052053119263846,
images/pbg_ru_4.png,images/pbg_ru_0.png,154.0,right,4,0,40,4,a,0,1.657812000004924,,001,2020_Dec_09_0329,hue_diff,2020.2.10,60.052053119263846,
images/pbg_ru_9.png,images/pbg_ru_0.png,159.0,down,4,1,41,9,down,1,1.3995791000052122,,001,2020_Dec_09_0329,hue_diff,2020.2.10,60.052053119263846,
images/pbg_ru_2.png,images/pbg_ru_0.png,152.0,up,4,2,42,2,a,0,1.37575829999696,,001,2020_Dec_09_0329,hue_diff,2020.2.10,60.052053119263846,
images/pbg_ru_8.png,images/pbg_ru_0.png,158.0,right,4,3,43,8,right,1,1.2218463000026532,,001,2020_Dec_09_0329,hue_diff,2020.2.10,60.052053119263846,
images/pbg_ru_7.png,images/pbg_ru_0.png,157.0,right,4,4,44,7,right,1,1.2965784999978496,,001,2020_Dec_09_0329,hue_diff,2020.2.10,60.052053119263846,
images/pbg_ru_5.png,images/pbg_ru_0.png,155.0,down,4,5,45,5,down,1,1.2826720000011846,,001,2020_Dec_09_0329,hue_diff,2020.2.10,60.052053119263846,
images/pbg_ru_1.png,images/pbg_ru_0.png,151.0,right,4,6,46,1,a,0,1.228112799988594,,001,2020_Dec_09_0329,hue_diff,2020.2.10,60.052053119263846,
images/pbg_ru_3.png,images/pbg_ru_0.png,153.0,up,4,7,47,3,a,0,1.4393075000116369,,001,2020_Dec_09_0329,hue_diff,2020.2.10,60.052053119263846,
images/pbg_ru_6.png,images/pbg_ru_0.png,156.0,left,4,8,48,6,left,1,1.3834029999998165,,001,2020_Dec_09_0329,hue_diff,2020.2.10,60.052053119263846,
images/pbg_ru_0.png,images/pbg_ru_0.png,150.0,left,4,9,49,0,a,0,1.7316832999931648,,001,2020_Dec_09_0329,hue_diff,2020.2.10,60.052053119263846,
images/pbg_ru_0.png,images/pbg_ru_0.png,150.0,left,5,0,50,0,a,0,1.454222900007153,,001,2020_Dec_09_0329,hue_diff,2020.2.10,60.052053119263846,
images/pbg_ru_5.png,images/pbg_ru_0.png,155.0,down,5,1,51,5,right,0,1.4761008999921614,,001,2020_Dec_09_0329,hue_diff,2020.2.10,60.052053119263846,
images/pbg_ru_7.png,images/pbg_ru_0.png,157.0,right,5,2,52,7,right,1,1.3443459999980405,,001,2020_Dec_09_0329,hue_diff,2020.2.10,60.052053119263846,
images/pbg_ru_2.png,images/pbg_ru_0.png,152.0,up,5,3,53,2,a,0,1.288693599999533,,001,2020_Dec_09_0329,hue_diff,2020.2.10,60.052053119263846,
images/pbg_ru_3.png,images/pbg_ru_0.png,153.0,up,5,4,54,3,a,0,1.7021397999924375,,001,2020_Dec_09_0329,hue_diff,2020.2.10,60.052053119263846,
images/pbg_ru_4.png,images/pbg_ru_0.png,154.0,right,5,5,55,4,a,0,2.236093500003335,,001,2020_Dec_09_0329,hue_diff,2020.2.10,60.052053119263846,
images/pbg_ru_6.png,images/pbg_ru_0.png,156.0,left,5,6,56,6,left,1,1.4135358999919845,,001,2020_Dec_09_0329,hue_diff,2020.2.10,60.052053119263846,
images/pbg_ru_8.png,images/pbg_ru_0.png,158.0,right,5,7,57,8,right,1,1.3644526999996742,,001,2020_Dec_09_0329,hue_diff,2020.2.10,60.052053119263846,
images/pbg_ru_1.png,images/pbg_ru_0.png,151.0,right,5,8,58,1,a,0,1.4051162999967346,,001,2020_Dec_09_0329,hue_diff,2020.2.10,60.052053119263846,
images/pbg_ru_9.png,images/pbg_ru_0.png,159.0,down,5,9,59,9,down,1,1.3749045999866212,,001,2020_Dec_09_0329,hue_diff,2020.2.10,60.052053119263846,
images/pbg_ru_4.png,images/pbg_ru_0.png,154.0,right,6,0,60,4,right,1,1.4103205999999773,,001,2020_Dec_09_0329,hue_diff,2020.2.10,60.052053119263846,
images/pbg_ru_0.png,images/pbg_ru_0.png,150.0,left,6,1,61,0,a,0,1.4245969000039622,,001,2020_Dec_09_0329,hue_diff,2020.2.10,60.052053119263846,
images/pbg_ru_1.png,images/pbg_ru_0.png,151.0,right,6,2,62,1,up,0,1.4755966999946395,,001,2020_Dec_09_0329,hue_diff,2020.2.10,60.052053119263846,
images/pbg_ru_3.png,images/pbg_ru_0.png,153.0,up,6,3,63,3,a,0,1.4173200000077486,,001,2020_Dec_09_0329,hue_diff,2020.2.10,60.052053119263846,
images/pbg_ru_7.png,images/pbg_ru_0.png,157.0,right,6,4,64,7,right,1,1.3454238999984227,,001,2020_Dec_09_0329,hue_diff,2020.2.10,60.052053119263846,
images/pbg_ru_5.png,images/pbg_ru_0.png,155.0,down,6,5,65,5,down,1,1.4362305000104243,,001,2020_Dec_09_0329,hue_diff,2020.2.10,60.052053119263846,
images/pbg_ru_9.png,images/pbg_ru_0.png,159.0,down,6,6,66,9,down,1,1.4522642999945674,,001,2020_Dec_09_0329,hue_diff,2020.2.10,60.052053119263846,
images/pbg_ru_6.png,images/pbg_ru_0.png,156.0,left,6,7,67,6,left,1,1.4092422999965493,,001,2020_Dec_09_0329,hue_diff,2020.2.10,60.052053119263846,
images/pbg_ru_2.png,images/pbg_ru_0.png,152.0,up,6,8,68,2,a,0,1.4666731000033906,,001,2020_Dec_09_0329,hue_diff,2020.2.10,60.052053119263846,
images/pbg_ru_8.png,images/pbg_ru_0.png,158.0,right,6,9,69,8,right,1,1.3590068000048632,,001,2020_Dec_09_0329,hue_diff,2020.2.10,60.052053119263846,
images/pbg_ru_1.png,images/pbg_ru_0.png,151.0,right,7,0,70,1,a,0,1.3578832999919541,,001,2020_Dec_09_0329,hue_diff,2020.2.10,60.052053119263846,
images/pbg_ru_2.png,images/pbg_ru_0.png,152.0,up,7,1,71,2,a,0,1.495611699996516,,001,2020_Dec_09_0329,hue_diff,2020.2.10,60.052053119263846,
images/pbg_ru_5.png,images/pbg_ru_0.png,155.0,down,7,2,72,5,down,1,1.3214134000008926,,001,2020_Dec_09_0329,hue_diff,2020.2.10,60.052053119263846,
images/pbg_ru_7.png,images/pbg_ru_0.png,157.0,right,7,3,73,7,right,1,1.2879791000013938,,001,2020_Dec_09_0329,hue_diff,2020.2.10,60.052053119263846,
images/pbg_ru_4.png,images/pbg_ru_0.png,154.0,right,7,4,74,4,right,1,1.4328776000038488,,001,2020_Dec_09_0329,hue_diff,2020.2.10,60.052053119263846,
images/pbg_ru_9.png,images/pbg_ru_0.png,159.0,down,7,5,75,9,down,1,1.2829714999970747,,001,2020_Dec_09_0329,hue_diff,2020.2.10,60.052053119263846,
images/pbg_ru_8.png,images/pbg_ru_0.png,158.0,right,7,6,76,8,right,1,1.1652039999898989,,001,2020_Dec_09_0329,hue_diff,2020.2.10,60.052053119263846,
images/pbg_ru_3.png,images/pbg_ru_0.png,153.0,up,7,7,77,3,a,0,1.4078542000061134,,001,2020_Dec_09_0329,hue_diff,2020.2.10,60.052053119263846,
images/pbg_ru_0.png,images/pbg_ru_0.png,150.0,left,7,8,78,0,a,0,2.0403908000007505,,001,2020_Dec_09_0329,hue_diff,2020.2.10,60.052053119263846,
images/pbg_ru_6.png,images/pbg_ru_0.png,156.0,left,7,9,79,6,left,1,1.4573567999905208,,001,2020_Dec_09_0329,hue_diff,2020.2.10,60.052053119263846,
images/pbg_ru_4.png,images/pbg_ru_0.png,154.0,right,8,0,80,4,right,1,1.2920929999963846,,001,2020_Dec_09_0329,hue_diff,2020.2.10,60.052053119263846,
images/pbg_ru_3.png,images/pbg_ru_0.png,153.0,up,8,1,81,3,a,0,1.3844981000002008,,001,2020_Dec_09_0329,hue_diff,2020.2.10,60.052053119263846,
images/pbg_ru_6.png,images/pbg_ru_0.png,156.0,left,8,2,82,6,left,1,1.3572483000025386,,001,2020_Dec_09_0329,hue_diff,2020.2.10,60.052053119263846,
images/pbg_ru_9.png,images/pbg_ru_0.png,159.0,down,8,3,83,9,down,1,1.3171495999995386,,001,2020_Dec_09_0329,hue_diff,2020.2.10,60.052053119263846,
images/pbg_ru_1.png,images/pbg_ru_0.png,151.0,right,8,4,84,1,a,0,1.414198900005431,,001,2020_Dec_09_0329,hue_diff,2020.2.10,60.052053119263846,
images/pbg_ru_8.png,images/pbg_ru_0.png,158.0,right,8,5,85,8,right,1,1.3269457999995211,,001,2020_Dec_09_0329,hue_diff,2020.2.10,60.052053119263846,
images/pbg_ru_2.png,images/pbg_ru_0.png,152.0,up,8,6,86,2,a,0,1.4420258000027388,,001,2020_Dec_09_0329,hue_diff,2020.2.10,60.052053119263846,
images/pbg_ru_0.png,images/pbg_ru_0.png,150.0,left,8,7,87,0,left,1,1.4749172999872826,,001,2020_Dec_09_0329,hue_diff,2020.2.10,60.052053119263846,
images/pbg_ru_5.png,images/pbg_ru_0.png,155.0,down,8,8,88,5,down,1,1.3139208000065992,,001,2020_Dec_09_0329,hue_diff,2020.2.10,60.052053119263846,
images/pbg_ru_7.png,images/pbg_ru_0.png,157.0,right,8,9,89,7,right,1,1.4601196999865351,,001,2020_Dec_09_0329,hue_diff,2020.2.10,60.052053119263846,
images/pbg_ru_8.png,images/pbg_ru_0.png,158.0,right,9,0,90,8,right,1,1.1322799000045052,,001,2020_Dec_09_0329,hue_diff,2020.2.10,60.052053119263846,
images/pbg_ru_0.png,images/pbg_ru_0.png,150.0,left,9,1,91,0,a,0,1.4740945999947144,,001,2020_Dec_09_0329,hue_diff,2020.2.10,60.052053119263846,
images/pbg_ru_5.png,images/pbg_ru_0.png,155.0,down,9,2,92,5,down,1,1.3006610000011278,,001,2020_Dec_09_0329,hue_diff,2020.2.10,60.052053119263846,
images/pbg_ru_4.png,images/pbg_ru_0.png,154.0,right,9,3,93,4,a,0,1.38201649999246,,001,2020_Dec_09_0329,hue_diff,2020.2.10,60.052053119263846,
images/pbg_ru_2.png,images/pbg_ru_0.png,152.0,up,9,4,94,2,a,0,1.7444552000088152,,001,2020_Dec_09_0329,hue_diff,2020.2.10,60.052053119263846,
images/pbg_ru_7.png,images/pbg_ru_0.png,157.0,right,9,5,95,7,right,1,1.4286175000015646,,001,2020_Dec_09_0329,hue_diff,2020.2.10,60.052053119263846,
images/pbg_ru_3.png,images/pbg_ru_0.png,153.0,up,9,6,96,3,a,0,1.2936319000000367,,001,2020_Dec_09_0329,hue_diff,2020.2.10,60.052053119263846,
images/pbg_ru_9.png,images/pbg_ru_0.png,159.0,down,9,7,97,9,down,1,1.2717635000008158,,001,2020_Dec_09_0329,hue_diff,2020.2.10,60.052053119263846,
images/pbg_ru_6.png,images/pbg_ru_0.png,156.0,left,9,8,98,6,left,1,1.4884807000053115,,001,2020_Dec_09_0329,hue_diff,2020.2.10,60.052053119263846,
images/pbg_ru_1.png,images/pbg_ru_0.png,151.0,right,9,9,99,1,a,0,1.436351199998171,,001,2020_Dec_09_0329,hue_diff,2020.2.10,60.052053119263846,
images/pbg_ru_6.png,images/pbg_ru_0.png,156.0,left,10,0,100,6,left,1,1.383774000001722,,001,2020_Dec_09_0329,hue_diff,2020.2.10,60.052053119263846,
images/pbg_ru_0.png,images/pbg_ru_0.png,150.0,left,10,1,101,0,a,0,1.4244266000023345,,001,2020_Dec_09_0329,hue_diff,2020.2.10,60.052053119263846,
images/pbg_ru_3.png,images/pbg_ru_0.png,153.0,up,10,2,102,3,right,0,1.5259654999972554,,001,2020_Dec_09_0329,hue_diff,2020.2.10,60.052053119263846,
images/pbg_ru_1.png,images/pbg_ru_0.png,151.0,right,10,3,103,1,a,0,1.4833250999945449,,001,2020_Dec_09_0329,hue_diff,2020.2.10,60.052053119263846,
images/pbg_ru_5.png,images/pbg_ru_0.png,155.0,down,10,4,104,5,a,0,1.4214640999998664,,001,2020_Dec_09_0329,hue_diff,2020.2.10,60.052053119263846,
images/pbg_ru_8.png,images/pbg_ru_0.png,158.0,right,10,5,105,8,a,0,1.675409400006174,,001,2020_Dec_09_0329,hue_diff,2020.2.10,60.052053119263846,
images/pbg_ru_2.png,images/pbg_ru_0.png,152.0,up,10,6,106,2,a,0,1.4965515999938361,,001,2020_Dec_09_0329,hue_diff,2020.2.10,60.052053119263846,
images/pbg_ru_4.png,images/pbg_ru_0.png,154.0,right,10,7,107,4,a,0,1.484447499999078,,001,2020_Dec_09_0329,hue_diff,2020.2.10,60.052053119263846,
images/pbg_ru_7.png,images/pbg_ru_0.png,157.0,right,10,8,108,7,a,0,1.568536300008418,,001,2020_Dec_09_0329,hue_diff,2020.2.10,60.052053119263846,
images/pbg_ru_9.png,images/pbg_ru_0.png,159.0,down,10,9,109,9,down,1,1.3601851999992505,,001,2020_Dec_09_0329,hue_diff,2020.2.10,60.052053119263846,
images/pbg_ru_4.png,images/pbg_ru_0.png,154.0,right,11,0,110,4,a,0,1.422686000005342,,001,2020_Dec_09_0329,hue_diff,2020.2.10,60.052053119263846,
images/pbg_ru_9.png,images/pbg_ru_0.png,159.0,down,11,1,111,9,down,1,1.200121499990928,,001,2020_Dec_09_0329,hue_diff,2020.2.10,60.052053119263846,
images/pbg_ru_1.png,images/pbg_ru_0.png,151.0,right,11,2,112,1,a,0,1.4844415999978082,,001,2020_Dec_09_0329,hue_diff,2020.2.10,60.052053119263846,
images/pbg_ru_0.png,images/pbg_ru_0.png,150.0,left,11,3,113,0,a,0,1.5817475000076229,,001,2020_Dec_09_0329,hue_diff,2020.2.10,60.052053119263846,
images/pbg_ru_3.png,images/pbg_ru_0.png,153.0,up,11,4,114,3,a,0,2.027126400003908,,001,2020_Dec_09_0329,hue_diff,2020.2.10,60.052053119263846,
images/pbg_ru_8.png,images/pbg_ru_0.png,158.0,right,11,5,115,8,right,1,1.140755700005684,,001,2020_Dec_09_0329,hue_diff,2020.2.10,60.052053119263846,
images/pbg_ru_6.png,images/pbg_ru_0.png,156.0,left,11,6,116,6,left,1,1.4068010000046343,,001,2020_Dec_09_0329,hue_diff,2020.2.10,60.052053119263846,
images/pbg_ru_5.png,images/pbg_ru_0.png,155.0,down,11,7,117,5,down,1,1.3485994999937247,,001,2020_Dec_09_0329,hue_diff,2020.2.10,60.052053119263846,
images/pbg_ru_7.png,images/pbg_ru_0.png,157.0,right,11,8,118,7,right,1,1.371378600000753,,001,2020_Dec_09_0329,hue_diff,2020.2.10,60.052053119263846,
images/pbg_ru_2.png,images/pbg_ru_0.png,152.0,up,11,9,119,2,a,0,1.4039866000093753,,001,2020_Dec_09_0329,hue_diff,2020.2.10,60.052053119263846,
images/pbg_ru_0.png,images/pbg_ru_0.png,150.0,left,12,0,120,0,a,0,2.2590466999972705,,001,2020_Dec_09_0329,hue_diff,2020.2.10,60.052053119263846,
images/pbg_ru_1.png,images/pbg_ru_0.png,151.0,right,12,1,121,1,a,0,2.048504000005778,,001,2020_Dec_09_0329,hue_diff,2020.2.10,60.052053119263846,
images/pbg_ru_2.png,images/pbg_ru_0.png,152.0,up,12,2,122,2,a,0,1.4725780000007944,,001,2020_Dec_09_0329,hue_diff,2020.2.10,60.052053119263846,
images/pbg_ru_8.png,images/pbg_ru_0.png,158.0,right,12,3,123,8,right,1,1.1624535000009928,,001,2020_Dec_09_0329,hue_diff,2020.2.10,60.052053119263846,
images/pbg_ru_3.png,images/pbg_ru_0.png,153.0,up,12,4,124,3,a,0,1.2461196999938693,,001,2020_Dec_09_0329,hue_diff,2020.2.10,60.052053119263846,
images/pbg_ru_9.png,images/pbg_ru_0.png,159.0,down,12,5,125,9,down,1,1.4379300000000512,,001,2020_Dec_09_0329,hue_diff,2020.2.10,60.052053119263846,
images/pbg_ru_5.png,images/pbg_ru_0.png,155.0,down,12,6,126,5,down,1,1.4276406999997562,,001,2020_Dec_09_0329,hue_diff,2020.2.10,60.052053119263846,
images/pbg_ru_6.png,images/pbg_ru_0.png,156.0,left,12,7,127,6,left,1,1.3988871999899857,,001,2020_Dec_09_0329,hue_diff,2020.2.10,60.052053119263846,
images/pbg_ru_7.png,images/pbg_ru_0.png,157.0,right,12,8,128,7,right,1,1.4276266999950167,,001,2020_Dec_09_0329,hue_diff,2020.2.10,60.052053119263846,
images/pbg_ru_4.png,images/pbg_ru_0.png,154.0,right,12,9,129,4,a,0,1.5081449999997858,,001,2020_Dec_09_0329,hue_diff,2020.2.10,60.052053119263846,
images/pbg_ru_3.png,images/pbg_ru_0.png,153.0,up,13,0,130,3,a,0,3.6010773000016343,,001,2020_Dec_09_0329,hue_diff,2020.2.10,60.052053119263846,
images/pbg_ru_5.png,images/pbg_ru_0.png,155.0,down,13,1,131,5,down,1,1.3359239999990677,,001,2020_Dec_09_0329,hue_diff,2020.2.10,60.052053119263846,
images/pbg_ru_7.png,images/pbg_ru_0.png,157.0,right,13,2,132,7,right,1,1.4038983000064036,,001,2020_Dec_09_0329,hue_diff,2020.2.10,60.052053119263846,
images/pbg_ru_2.png,images/pbg_ru_0.png,152.0,up,13,3,133,2,a,0,1.4535376999992877,,001,2020_Dec_09_0329,hue_diff,2020.2.10,60.052053119263846,
images/pbg_ru_0.png,images/pbg_ru_0.png,150.0,left,13,4,134,0,a,0,2.54568169999402,,001,2020_Dec_09_0329,hue_diff,2020.2.10,60.052053119263846,
images/pbg_ru_9.png,images/pbg_ru_0.png,159.0,down,13,5,135,9,down,1,1.3033013999956893,,001,2020_Dec_09_0329,hue_diff,2020.2.10,60.052053119263846,
images/pbg_ru_4.png,images/pbg_ru_0.png,154.0,right,13,6,136,4,a,0,1.687102900003083,,001,2020_Dec_09_0329,hue_diff,2020.2.10,60.052053119263846,
images/pbg_ru_6.png,images/pbg_ru_0.png,156.0,left,13,7,137,6,left,1,1.2380984999908833,,001,2020_Dec_09_0329,hue_diff,2020.2.10,60.052053119263846,
images/pbg_ru_8.png,images/pbg_ru_0.png,158.0,right,13,8,138,8,right,1,1.399924999990617,,001,2020_Dec_09_0329,hue_diff,2020.2.10,60.052053119263846,
images/pbg_ru_1.png,images/pbg_ru_0.png,151.0,right,13,9,139,1,a,0,1.411733600005391,,001,2020_Dec_09_0329,hue_diff,2020.2.10,60.052053119263846,
images/pbg_ru_9.png,images/pbg_ru_0.png,159.0,down,14,0,140,9,down,1,1.4006464000121923,,001,2020_Dec_09_0329,hue_diff,2020.2.10,60.052053119263846,
images/pbg_ru_4.png,images/pbg_ru_0.png,154.0,right,14,1,141,4,right,1,1.496653599999263,,001,2020_Dec_09_0329,hue_diff,2020.2.10,60.052053119263846,
images/pbg_ru_2.png,images/pbg_ru_0.png,152.0,up,14,2,142,2,a,0,1.4387042000016663,,001,2020_Dec_09_0329,hue_diff,2020.2.10,60.052053119263846,
images/pbg_ru_5.png,images/pbg_ru_0.png,155.0,down,14,3,143,5,down,1,1.368187999993097,,001,2020_Dec_09_0329,hue_diff,2020.2.10,60.052053119263846,
images/pbg_ru_3.png,images/pbg_ru_0.png,153.0,up,14,4,144,3,a,0,1.3797457999899052,,001,2020_Dec_09_0329,hue_diff,2020.2.10,60.052053119263846,
images/pbg_ru_1.png,images/pbg_ru_0.png,151.0,right,14,5,145,1,a,0,1.4544375999976182,,001,2020_Dec_09_0329,hue_diff,2020.2.10,60.052053119263846,
images/pbg_ru_6.png,images/pbg_ru_0.png,156.0,left,14,6,146,6,left,1,1.2646725999948103,,001,2020_Dec_09_0329,hue_diff,2020.2.10,60.052053119263846,
images/pbg_ru_0.png,images/pbg_ru_0.png,150.0,left,14,7,147,0,a,0,1.1842887999955565,,001,2020_Dec_09_0329,hue_diff,2020.2.10,60.052053119263846,
images/pbg_ru_8.png,images/pbg_ru_0.png,158.0,right,14,8,148,8,right,1,1.2972808000049554,,001,2020_Dec_09_0329,hue_diff,2020.2.10,60.052053119263846,
images/pbg_ru_7.png,images/pbg_ru_0.png,157.0,right,14,9,149,7,right,1,1.3977390999934869,,001,2020_Dec_09_0329,hue_diff,2020.2.10,60.052053119263846,
images/pbg_ru_0.png,images/pbg_ru_0.png,150.0,left,15,0,150,0,a,0,1.3144627000001492,,001,2020_Dec_09_0329,hue_diff,2020.2.10,60.052053119263846,
images/pbg_ru_6.png,images/pbg_ru_0.png,156.0,left,15,1,151,6,left,1,1.1904824999946868,,001,2020_Dec_09_0329,hue_diff,2020.2.10,60.052053119263846,
images/pbg_ru_3.png,images/pbg_ru_0.png,153.0,up,15,2,152,3,a,0,1.4455122999934247,,001,2020_Dec_09_0329,hue_diff,2020.2.10,60.052053119263846,
images/pbg_ru_4.png,images/pbg_ru_0.png,154.0,right,15,3,153,4,right,1,1.5266564000048675,,001,2020_Dec_09_0329,hue_diff,2020.2.10,60.052053119263846,
images/pbg_ru_2.png,images/pbg_ru_0.png,152.0,up,15,4,154,2,a,0,1.4630050999985542,,001,2020_Dec_09_0329,hue_diff,2020.2.10,60.052053119263846,
images/pbg_ru_7.png,images/pbg_ru_0.png,157.0,right,15,5,155,7,right,1,1.2809775000059744,,001,2020_Dec_09_0329,hue_diff,2020.2.10,60.052053119263846,
images/pbg_ru_5.png,images/pbg_ru_0.png,155.0,down,15,6,156,5,a,0,3.5144615000026533,,001,2020_Dec_09_0329,hue_diff,2020.2.10,60.052053119263846,
images/pbg_ru_9.png,images/pbg_ru_0.png,159.0,down,15,7,157,9,down,1,1.3763483999937307,,001,2020_Dec_09_0329,hue_diff,2020.2.10,60.052053119263846,
images/pbg_ru_1.png,images/pbg_ru_0.png,151.0,right,15,8,158,1,a,0,1.928082300000824,,001,2020_Dec_09_0329,hue_diff,2020.2.10,60.052053119263846,
images/pbg_ru_8.png,images/pbg_ru_0.png,158.0,right,15,9,159,8,right,1,1.2872299000009662,,001,2020_Dec_09_0329,hue_diff,2020.2.10,60.052053119263846,
images/pbg_ru_5.png,images/pbg_ru_0.png,155.0,down,16,0,160,5,a,0,1.3919915000005858,,001,2020_Dec_09_0329,hue_diff,2020.2.10,60.052053119263846,
images/pbg_ru_6.png,images/pbg_ru_0.png,156.0,left,16,1,161,6,a,0,4.402640699991025,,001,2020_Dec_09_0329,hue_diff,2020.2.10,60.052053119263846,
images/pbg_ru_4.png,images/pbg_ru_0.png,154.0,right,16,2,162,4,a,0,0.9967800000013085,,001,2020_Dec_09_0329,hue_diff,2020.2.10,60.052053119263846,
images/pbg_ru_0.png,images/pbg_ru_0.png,150.0,left,16,3,163,0,a,0,1.3792165999911958,,001,2020_Dec_09_0329,hue_diff,2020.2.10,60.052053119263846,
images/pbg_ru_7.png,images/pbg_ru_0.png,157.0,right,16,4,164,7,right,1,1.2730315000080736,,001,2020_Dec_09_0329,hue_diff,2020.2.10,60.052053119263846,
images/pbg_ru_1.png,images/pbg_ru_0.png,151.0,right,16,5,165,1,a,0,1.3403576000127941,,001,2020_Dec_09_0329,hue_diff,2020.2.10,60.052053119263846,
images/pbg_ru_9.png,images/pbg_ru_0.png,159.0,down,16,6,166,9,down,1,1.287968999997247,,001,2020_Dec_09_0329,hue_diff,2020.2.10,60.052053119263846,
images/pbg_ru_8.png,images/pbg_ru_0.png,158.0,right,16,7,167,8,right,1,1.2066191000049002,,001,2020_Dec_09_0329,hue_diff,2020.2.10,60.052053119263846,
images/pbg_ru_2.png,images/pbg_ru_0.png,152.0,up,16,8,168,2,a,0,1.00932689999172,,001,2020_Dec_09_0329,hue_diff,2020.2.10,60.052053119263846,
images/pbg_ru_3.png,images/pbg_ru_0.png,153.0,up,16,9,169,3,a,0,1.4150010000012117,,001,2020_Dec_09_0329,hue_diff,2020.2.10,60.052053119263846,
images/pbg_ru_8.png,images/pbg_ru_0.png,158.0,right,17,0,170,8,right,1,1.2548604000039632,,001,2020_Dec_09_0329,hue_diff,2020.2.10,60.052053119263846,
images/pbg_ru_7.png,images/pbg_ru_0.png,157.0,right,17,1,171,7,right,1,1.3948998999985633,,001,2020_Dec_09_0329,hue_diff,2020.2.10,60.052053119263846,
images/pbg_ru_0.png,images/pbg_ru_0.png,150.0,left,17,2,172,0,a,0,1.6185931999934837,,001,2020_Dec_09_0329,hue_diff,2020.2.10,60.052053119263846,
images/pbg_ru_9.png,images/pbg_ru_0.png,159.0,down,17,3,173,9,down,1,1.2027869000012288,,001,2020_Dec_09_0329,hue_diff,2020.2.10,60.052053119263846,
images/pbg_ru_3.png,images/pbg_ru_0.png,153.0,up,17,4,174,3,a,0,1.3761644999904092,,001,2020_Dec_09_0329,hue_diff,2020.2.10,60.052053119263846,
images/pbg_ru_4.png,images/pbg_ru_0.png,154.0,right,17,5,175,4,right,1,1.3803721000003861,,001,2020_Dec_09_0329,hue_diff,2020.2.10,60.052053119263846,
images/pbg_ru_2.png,images/pbg_ru_0.png,152.0,up,17,6,176,2,a,0,1.1977948999992805,,001,2020_Dec_09_0329,hue_diff,2020.2.10,60.052053119263846,
images/pbg_ru_6.png,images/pbg_ru_0.png,156.0,left,17,7,177,6,a,0,1.4665589999931399,,001,2020_Dec_09_0329,hue_diff,2020.2.10,60.052053119263846,
images/pbg_ru_5.png,images/pbg_ru_0.png,155.0,down,17,8,178,5,down,1,1.449429100000998,,001,2020_Dec_09_0329,hue_diff,2020.2.10,60.052053119263846,
images/pbg_ru_1.png,images/pbg_ru_0.png,151.0,right,17,9,179,1,a,0,1.3003138000058243,,001,2020_Dec_09_0329,hue_diff,2020.2.10,60.052053119263846,
images/pbg_ru_3.png,images/pbg_ru_0.png,153.0,up,18,0,180,3,a,0,1.4755908000079216,,001,2020_Dec_09_0329,hue_diff,2020.2.10,60.052053119263846,
images/pbg_ru_6.png,images/pbg_ru_0.png,156.0,left,18,1,181,6,left,1,1.3378764000080992,,001,2020_Dec_09_0329,hue_diff,2020.2.10,60.052053119263846,
images/pbg_ru_1.png,images/pbg_ru_0.png,151.0,right,18,2,182,1,a,0,1.194123600012972,,001,2020_Dec_09_0329,hue_diff,2020.2.10,60.052053119263846,
images/pbg_ru_4.png,images/pbg_ru_0.png,154.0,right,18,3,183,4,a,0,1.6781138999940595,,001,2020_Dec_09_0329,hue_diff,2020.2.10,60.052053119263846,
images/pbg_ru_8.png,images/pbg_ru_0.png,158.0,right,18,4,184,8,right,1,1.271650700000464,,001,2020_Dec_09_0329,hue_diff,2020.2.10,60.052053119263846,
images/pbg_ru_0.png,images/pbg_ru_0.png,150.0,left,18,5,185,0,a,0,1.5000968999956967,,001,2020_Dec_09_0329,hue_diff,2020.2.10,60.052053119263846,
images/pbg_ru_7.png,images/pbg_ru_0.png,157.0,right,18,6,186,7,right,1,1.3408810999972047,,001,2020_Dec_09_0329,hue_diff,2020.2.10,60.052053119263846,
images/pbg_ru_2.png,images/pbg_ru_0.png,152.0,up,18,7,187,2,a,0,1.893671700003324,,001,2020_Dec_09_0329,hue_diff,2020.2.10,60.052053119263846,
images/pbg_ru_5.png,images/pbg_ru_0.png,155.0,down,18,8,188,5,down,1,1.2080538000009255,,001,2020_Dec_09_0329,hue_diff,2020.2.10,60.052053119263846,
images/pbg_ru_9.png,images/pbg_ru_0.png,159.0,down,18,9,189,9,down,1,1.1494625000050291,,001,2020_Dec_09_0329,hue_diff,2020.2.10,60.052053119263846,
images/pbg_ru_6.png,images/pbg_ru_0.png,156.0,left,19,0,190,6,left,1,1.2990519000013592,,001,2020_Dec_09_0329,hue_diff,2020.2.10,60.052053119263846,
images/pbg_ru_1.png,images/pbg_ru_0.png,151.0,right,19,1,191,1,a,0,1.2232995999947889,,001,2020_Dec_09_0329,hue_diff,2020.2.10,60.052053119263846,
images/pbg_ru_7.png,images/pbg_ru_0.png,157.0,right,19,2,192,7,a,0,1.56957579999289,,001,2020_Dec_09_0329,hue_diff,2020.2.10,60.052053119263846,
images/pbg_ru_0.png,images/pbg_ru_0.png,150.0,left,19,3,193,0,a,0,1.518940099995234,,001,2020_Dec_09_0329,hue_diff,2020.2.10,60.052053119263846,
images/pbg_ru_8.png,images/pbg_ru_0.png,158.0,right,19,4,194,8,right,1,1.2033616000117036,,001,2020_Dec_09_0329,hue_diff,2020.2.10,60.052053119263846,
images/pbg_ru_2.png,images/pbg_ru_0.png,152.0,up,19,5,195,2,a,0,1.4850364999874728,,001,2020_Dec_09_0329,hue_diff,2020.2.10,60.052053119263846,
images/pbg_ru_3.png,images/pbg_ru_0.png,153.0,up,19,6,196,3,a,0,1.8982527000043774,,001,2020_Dec_09_0329,hue_diff,2020.2.10,60.052053119263846,
images/pbg_ru_4.png,images/pbg_ru_0.png,154.0,right,19,7,197,4,right,1,1.1077118999965023,,001,2020_Dec_09_0329,hue_diff,2020.2.10,60.052053119263846,
images/pbg_ru_5.png,images/pbg_ru_0.png,155.0,down,19,8,198,5,down,1,1.4858494000072824,,001,2020_Dec_09_0329,hue_diff,2020.2.10,60.052053119263846,
images/pbg_ru_9.png,images/pbg_ru_0.png,159.0,down,19,9,199,9,down,1,1.3940637999912724,,001,2020_Dec_09_0329,hue_diff,2020.2.10,60.052053119263846,
